{
  "model": {
    "BDResult": [
      [
        4.5757622718811035, -13.144841194152832, 6.8158416748046875,
        -9.7967529296875, -37.287967681884766, -3.3317623138427734,
        -15.838445663452148, -24.02958869934082, -14.620552062988281,
        -11.46756649017334
      ],
      [
        4.5757622718811035, -13.144841194152832, 6.8158416748046875,
        -9.7967529296875, -37.287967681884766, -3.3317623138427734,
        -15.838445663452148, -24.02958869934082, -14.620552062988281,
        -11.46756649017334
      ]
    ],
    "CDResult": {
      "pgd_01_labels": [
        [
          4.5757622718811035, -13.144841194152832, 6.8158416748046875,
          -9.7967529296875, -37.287967681884766, -3.3317623138427734,
          -15.838445663452148, -24.02958869934082, -14.620552062988281,
          -11.46756649017334
        ],
        [
          4.5757622718811035, -13.144841194152832, 6.8158416748046875,
          -9.7967529296875, -37.287967681884766, -3.3317623138427734,
          -15.838445663452148, -24.02958869934082, -14.620552062988281,
          -11.46756649017334
        ]
      ],
      "fgsm_01_labels": [
        [
          4.5757622718811035, -13.144841194152832, 6.8158416748046875,
          -9.7967529296875, -37.287967681884766, -3.3317623138427734,
          -15.838445663452148, -24.02958869934082, -14.620552062988281,
          -11.46756649017334
        ],
        [
          4.5757622718811035, -13.144841194152832, 6.8158416748046875,
          -9.7967529296875, -37.287967681884766, -3.3317623138427734,
          -15.838445663452148, -24.02958869934082, -14.620552062988281,
          -11.46756649017334
        ]
      ]
    }
  }
}
